Job ID,Job URL,Job Title,Company Name,Status,Timestamp,WP ID
0c52135aac22f0be,https://bz.linkedin.com/jobs/view/online-english-teacher-at-corenglish-4432385768,Online English Teacher,COREnglish,posted,2026-07-06T23:58:52.424247,22
41a2c1c4b05e4c10,https://bz.linkedin.com/jobs/view/senior-administrative-assistant-internal-audit-central-bank-of-belize-at-central-bank-of-belize-4434606795,"Senior Administrative Assistant, Internal Audit - Central Bank of Belize",,scraped,2026-07-06T23:58:54.937580,
60f0e571540a8d5b,https://bz.linkedin.com/jobs/view/virtual-assistant-at-cs-outsource-4436013090,Virtual Assistant,CS Outsource,posted,2026-07-06T23:59:06.979682,24
cf86f0832b040c1c,https://bz.linkedin.com/jobs/view/q-eqchi-audio-transcription-specialist-at-upwork-4433195445,Q'eqchi Audio Transcription Specialist,Upwork,posted,2026-07-06T23:59:16.525971,26
011c6d117eb9a80f,https://bz.linkedin.com/jobs/view/copy-of-q-eqchi-audio-transcription-specialist-any-dialect-at-upwork-4433705528,Copy of  Q'eqchi Audio Transcription Specialist(Any Dialect),Upwork,posted,2026-07-06T23:59:25.304615,28
1ba36ac8421a84a1,https://bz.linkedin.com/jobs/view/talent-specialist-at-hax-labs-hax-labs-com-4435350094,Talent Specialist,Hax Labs (hax-labs.com),posted,2026-07-06T23:59:32.565803,30
50d71ed13866f72c,https://bz.linkedin.com/jobs/view/aircraft-engineer-at-tropic-air-belize-4437407107,Aircraft Engineer,,scraped,2026-07-06T23:59:35.033103,
4b6722634ca5d7eb,https://bz.linkedin.com/jobs/view/media-project-manager-quality-controller-at-916-studios-4434509083,Media Project Manager (Quality Controller),,scraped,2026-07-06T23:59:41.180614,
d66cafeaf4fcf093,https://bz.linkedin.com/jobs/view/bookkeeper-at-cs-outsource-4436010236,Bookkeeper,CS Outsource,posted,2026-07-06T23:59:52.498029,32
d2631f83aada0912,https://bz.linkedin.com/jobs/view/hostess-host-at-norwegian-cruise-line-holdings-ltd-4434911266,Hostess/Host,Norwegian Cruise Line Holdings Ltd.,posted,2026-07-07T00:00:02.979030,34
1b4f033f8eba4b67,https://bz.linkedin.com/jobs/view/full-stack-developer-react-redux-at-perform-4384087442,Full Stack Developer (React/Redux),Perform,posted,2026-07-07T00:00:13.509658,36
fe398abfa8222c6f,https://bz.linkedin.com/jobs/view/sr-ai-ml-engineer-at-perform-4398639986,Sr. AI/ML Engineer,Perform,posted,2026-07-07T00:00:22.426835,38
76efb64bb9f0c612,https://bz.linkedin.com/jobs/view/energy-power-systems-specialist-intermediate-ai-community-at-telus-digital-ai-data-solutions-4435820728,Energy & Power Systems Specialist - Intermediate (AI Community),TELUS Digital AI Data Solutions,posted,2026-07-07T00:00:31.275239,40
60e923c3abdd0bda,https://bz.linkedin.com/jobs/view/creative-writing-content-expert-ai-community-at-telus-digital-ai-data-solutions-4435814883,Creative Writing & Content Expert (AI Community),TELUS Digital AI Data Solutions,posted,2026-07-07T00:00:39.502340,42
0b15fa5a79fe0234,https://bz.linkedin.com/jobs/view/cultural-safety-red-teaming-expert-ai-community-at-telus-digital-ai-data-solutions-4435828307,Cultural Safety & Red-Teaming Expert (AI Community),TELUS Digital AI Data Solutions,posted,2026-07-07T00:00:47.262983,44
e366767489de3413,https://bz.linkedin.com/jobs/view/financial-accuracy-tax-logic-expert-ai-community-at-telus-digital-ai-data-solutions-4435819732,Financial Accuracy & Tax Logic Expert (AI Community),TELUS Digital AI Data Solutions,posted,2026-07-07T00:00:55.102730,46
6547622247fc6450,https://bz.linkedin.com/jobs/view/robotics-ai-specialist-ai-community-at-telus-digital-ai-data-solutions-4435813909,Robotics AI Specialist (AI Community),TELUS Digital AI Data Solutions,posted,2026-07-07T00:01:03.678043,48
8fa576d10c20ce01,https://bz.linkedin.com/jobs/view/multimodal-ai-content-expert-ai-community-at-telus-digital-ai-data-solutions-4435830086,Multimodal AI Content Expert (AI Community),TELUS Digital AI Data Solutions,posted,2026-07-07T00:01:11.303534,50
d243d3042e834667,https://bz.linkedin.com/jobs/view/digital-twin-synthetic-reality-specialist-intermediate-ai-community-at-telus-digital-ai-data-solutions-4435829109,Digital Twin & Synthetic Reality Specialist - Intermediate (AI Community),TELUS Digital AI Data Solutions,posted,2026-07-07T00:01:19.179532,52
0da8e8e9239aa131,https://bz.linkedin.com/jobs/view/busser-at-norwegian-cruise-line-holdings-ltd-4416285202,Busser,Norwegian Cruise Line Holdings Ltd.,posted,2026-07-07T11:25:05.924197,54
86aabe0812f78dc2,https://bz.linkedin.com/jobs/view/barista-at-norwegian-cruise-line-holdings-ltd-4387632981,Barista,Norwegian Cruise Line Holdings Ltd.,posted,2026-07-07T11:25:14.686425,56
fea9a01ae6fb5c89,https://bz.linkedin.com/jobs/view/data-team-specialist-at-leadventure%C2%AE-4407469949,Data Team Specialist,LeadVenture®,posted,2026-07-07T11:25:26.515455,58
a2ad87b8a3e3e469,https://bz.linkedin.com/jobs/view/focal-point-for-belize-at-mesoamerican-reef-fund-mar-fund-4428890833,Focal Point for Belize,,scraped,2026-07-07T11:25:35.121984,
277294fefb3f05af,https://bz.linkedin.com/jobs/view/port-sanitation-manager-4436067142,PORT SANITATION MANAGER,PRINCIPALITY OF ISLANDIA,posted,2026-07-07T11:25:47.355440,60
d0f44486ab147387,https://bz.linkedin.com/jobs/view/director-of-engineering-at-four-seasons-4398627026,Director of Engineering,Four Seasons,posted,2026-07-07T11:25:59.871860,62
b7d6173f76a2f6c8,https://bz.linkedin.com/jobs/view/operations-assistant-at-cs-outsource-4435214906,Operations Assistant,CS Outsource,posted,2026-07-07T11:26:08.382351,64
430acc1df9b48646,https://bz.linkedin.com/jobs/view/chief-of-party-at-fhi-360-4403532269,Chief of Party,FHI 360,posted,2026-07-07T11:26:16.671149,66
39be59d66aae5b32,https://bz.linkedin.com/jobs/view/full-stack-developer-net-developer-at-perform-4398400443,Full Stack Developer (.NET Developer),Perform,posted,2026-07-07T11:26:24.249851,68
5e5dd0bc0d4b3713,https://bz.linkedin.com/jobs/view/transaction-coordinator-at-cs-outsource-4436828624,Transaction Coordinator,CS Outsource,posted,2026-07-07T19:18:16.664043,70
b8ab0335e759d0e6,https://bz.linkedin.com/jobs/view/deputy-chief-of-party-at-fhi-360-4403522492,Deputy Chief of Party,FHI 360,posted,2026-07-07T19:18:46.625066,72
ede99491a58e4085,https://bz.linkedin.com/jobs/view/data-scientist-ai-community-at-telus-digital-ai-data-solutions-4435809980,Data Scientist (AI Community),TELUS Digital AI Data Solutions,posted,2026-07-07T19:18:54.499444,74
b8a8b896a0a2f8eb,https://bz.linkedin.com/jobs/view/senior-marketing-analyst-strategy-analytics-at-toptal-4437448958,"Senior Marketing Analyst, Strategy & Analytics",Toptal,posted,2026-07-07T19:19:02.985297,76
086c5756272e1817,https://bz.linkedin.com/jobs/view/ai-development-programmatic-reasoning-specialist-intermediate-ai-community-at-telus-digital-ai-data-solutions-4435831082,AI Development & Programmatic Reasoning Specialist - Intermediate (AI Community),TELUS Digital AI Data Solutions,posted,2026-07-07T23:32:48.756191,88
7e857bebcd4417a9,https://bz.linkedin.com/jobs/view/english-caribbean-belize-guyana-language-specialist-freelance-ai-trainer-project-at-meridial-marketplace-by-invisible-4286264366,English (Caribbean/Belize/Guyana) Language Specialist - Freelance AI Trainer Project,"Meridial Marketplace, by Invisible",posted,2026-07-08T09:17:51.933105,90
17be65a56e09f08c,https://bz.linkedin.com/jobs/view/bz-customer-service-representative-at-customerhd-4436278767,BZ-Customer Service Representative,CustomerHD,posted,2026-07-08T09:18:14.366753,92
dd8021507c83d018,https://bz.linkedin.com/jobs/view/bz-technical-support-representative-at-customerhd-4436286447,BZ-Technical Support Representative,CustomerHD,posted,2026-07-08T09:18:33.080678,94
2dba50c84a94b8ce,https://bz.linkedin.com/jobs/view/marketing-specialist-at-cs-outsource-4436227806,Marketing Specialist,CS Outsource,posted,2026-07-08T09:18:48.477990,96
d9c9c304c6e4d4c2,https://bz.linkedin.com/jobs/view/cleaner-at-mcdonald-s-midden-limburg-en-maastricht-centrum-4438205428,Cleaner,,scraped,2026-07-08T16:17:18.694111,
f88a9d6451476ad0,https://bz.linkedin.com/jobs/view/fullstack-developer-senior-python-django-%2B-react-remote-latin-america-at-bluelight-4437863619,"Fullstack Developer (Senior) - Python (Django) + React - Remote, Latin America",Bluelight,posted,2026-07-08T16:18:00.986620,98
9f431d07da1e2f10,https://bz.linkedin.com/jobs/view/fullstack-developer-senior-python-django-%2B-react-remote-latin-america-at-bluelight-4437870142,"Fullstack Developer (Senior) - Python (Django) + React - Remote, Latin America",Bluelight,posted,2026-07-08T16:18:07.751186,98
5cbd536c2cfbff74,https://bz.linkedin.com/jobs/view/team-leader-%E2%80%93-mcc-belize-tvet-activity-at-irex-4377023474,Team Leader – MCC Belize TVET Activity,IREX,posted,2026-07-08T16:18:16.698521,100
d901041dbbb0dd08,https://bz.linkedin.com/jobs/view/purchasing-agent-at-norwegian-cruise-line-holdings-ltd-4419583091,Purchasing Agent,Norwegian Cruise Line Holdings Ltd.,posted,2026-07-08T21:52:21.061802,102
fbee94f07dff5bc3,https://bz.linkedin.com/jobs/view/talent-specialist-at-hax-labs-hax-labs-com-4437051808,Talent Specialist,Hax Labs (hax-labs.com),posted,2026-07-08T21:52:31.906547,30
48911efbfe61d5a0,https://bz.linkedin.com/jobs/view/implementation-specialist-at-leadventure%C2%AE-4437081712,Implementation Specialist,LeadVenture®,posted,2026-07-08T21:52:45.142433,104
b01cfcb4f4ddd667,https://bz.linkedin.com/jobs/view/corporate-travel-and-mobility-agent-remote-work-at-bairesdev-4437068967,Corporate Travel and Mobility Agent - Remote Work,BairesDev,posted,2026-07-08T21:52:55.408001,106
5fc99da25f28792c,https://bz.linkedin.com/jobs/view/marketing-specialist-at-501-revenue-impact-4436768187,Marketing Specialist,501 Revenue Impact,posted,2026-07-08T21:53:00.265541,96
307c48e9191001d9,https://bz.linkedin.com/jobs/view/technical-support-specialist-at-leadventure%C2%AE-4437094394,Technical Support Specialist,LeadVenture®,posted,2026-07-08T21:53:15.474051,108
4585d162763a5463,https://bz.linkedin.com/jobs/view/senior-security-scrum-master-remote-work-at-bairesdev-4437300761,Senior Security Scrum Master - Remote Work,BairesDev,posted,2026-07-08T21:53:23.602266,110
adfabb976b5f9371,https://bz.linkedin.com/jobs/view/senior-devsecops-engineer-remote-work-at-bairesdev-4437098710,Senior DevSecOps Engineer - Remote Work,BairesDev,posted,2026-07-08T21:53:33.952285,112
cf995e48d8f7fa5a,https://bz.linkedin.com/jobs/view/monitoring-evaluation-and-learning-director-at-fhi-360-4403520502,"Monitoring, Evaluation and Learning Director",FHI 360,posted,2026-07-09T10:34:31.566746,114
675b73f369d8cc4f,https://bz.linkedin.com/jobs/view/data-engineer-at-perform-4406412193,Data Engineer,Perform,posted,2026-07-09T10:34:39.347433,116
ec53203c15254e8e,https://bz.linkedin.com/jobs/view/senior-technical-program-manager-remote-work-at-bairesdev-4437098810,Senior Technical Program Manager - Remote Work,BairesDev,posted,2026-07-09T10:34:46.987950,118
4577a4a138ce8f73,https://bz.linkedin.com/jobs/view/deckhand-at-the-moorings-yacht-charters-4438655843,Deckhand,The Moorings Yacht Charters,posted,2026-07-09T18:29:39.250876,120
645e6b5daa3dac95,https://bz.linkedin.com/jobs/view/operations-coordinator-at-cs-outsource-4437305681,Operations Coordinator,CS Outsource,posted,2026-07-09T18:29:58.972328,122
953cc134f6ed6394,https://bz.linkedin.com/jobs/view/appointment-setter-bze-at-s-n-abiscon-gmbh-4438570243,Appointment Setter (BZE),S&amp;N Abiscon GmbH,posted,2026-07-09T18:30:11.224679,124
d3c3ca2b5f070870,https://bz.linkedin.com/jobs/view/accountant-at-the-belize-collection-4438833932,Accountant,,scraped,2026-07-09T23:57:01.830294,
97e54c7e2f681738,https://bz.linkedin.com/jobs/view/finance-accountant-at-puma-energy-4418858254,Finance Accountant,,scraped,2026-07-09T23:57:12.425025,
fd839b2d112a7076,https://bz.linkedin.com/jobs/view/multimedia-production-team-lead-at-fusion-growth-partners-4438697693,Multimedia Production Team Lead,Fusion Growth Partners,posted,2026-07-09T23:57:27.759895,126
c6e009f4f99b25b8,https://bz.linkedin.com/jobs/view/bilingual-spanish-english-executive-legal-assistant-remote-%E2%80%93-latin-america-latam-at-law-offices-of-parag-l-amin-p-c-4435927125,Bilingual Spanish-English Executive / Legal Assistant (Remote – Latin America LATAM),"Law Offices of Parag L. Amin, P.C.",posted,2026-07-09T23:57:37.752857,128
8723c4d045065791,https://bz.linkedin.com/jobs/view/operations-manager-at-cs-outsource-4437328014,Operations Manager,CS Outsource,posted,2026-07-09T23:57:59.643954,130
0a3feb602cd1b452,https://bz.linkedin.com/jobs/view/remote-property-manager-at-allview-real-estate-4438899762,Remote Property Manager,AllView Real Estate,posted,2026-07-10T11:25:13.544280,132
eafd820577d1ab5e,https://bz.linkedin.com/jobs/view/dishwasher-at-norwegian-cruise-line-holdings-ltd-4309830393,Dishwasher,Norwegian Cruise Line Holdings Ltd.,posted,2026-07-10T18:12:14.614320,134
dafd6d5c284af494,https://bz.linkedin.com/jobs/view/server-at-norwegian-cruise-line-holdings-ltd-4420487209,Server,Norwegian Cruise Line Holdings Ltd.,posted,2026-07-10T18:12:53.839245,136
4bfe7162b1dff4d0,https://bz.linkedin.com/jobs/view/technical-website-support-specialist-at-leadventure%C2%AE-4415952120,Technical Website Support Specialist,LeadVenture®,posted,2026-07-10T18:13:12.977173,138
c3fcc9fd6a69d8f3,https://bz.linkedin.com/jobs/view/marketing-specialist-at-cs-outsource-4438375062,Marketing Specialist,CS Outsource,posted,2026-07-10T23:35:16.953849,96
1478eaaacea9e307,https://bz.linkedin.com/jobs/view/cart-attendant-at-norwegian-cruise-line-holdings-ltd-4419920642,Cart Attendant,Norwegian Cruise Line Holdings Ltd.,posted,2026-07-11T07:25:22.521254,140
2b90707b3ff8b4f8,https://bz.linkedin.com/jobs/view/maintenance-staff-at-norwegian-cruise-line-holdings-ltd-4420650222,Maintenance Staff,Norwegian Cruise Line Holdings Ltd.,posted,2026-07-11T15:42:50.012053,142
e89a1f691f883edf,https://bz.linkedin.com/jobs/view/video-production-team-lead-at-fusion-growth-partners-4438697693,Video Production Team Lead,Fusion Growth Partners,posted,2026-07-11T20:51:59.652443,144
5987e5e9b1edcb83,https://bz.linkedin.com/jobs/view/director-of-finance-and-administration-at-fhi-360-4403515620,Director of Finance and Administration,FHI 360,posted,2026-07-11T20:52:16.406189,146
f8eff373cfe07aff,https://bz.linkedin.com/jobs/view/beach-maintenance-at-norwegian-cruise-line-holdings-ltd-4342814667,Beach Maintenance,Norwegian Cruise Line Holdings Ltd.,posted,2026-07-13T19:07:04.472660,148
582fe8b2b2f12e8b,https://bz.linkedin.com/jobs/view/barback-at-norwegian-cruise-line-holdings-ltd-4365149900,Barback,Norwegian Cruise Line Holdings Ltd.,posted,2026-07-13T19:07:33.263259,150
40a3f0de8c596563,https://bz.linkedin.com/jobs/view/bartender-at-norwegian-cruise-line-holdings-ltd-4380700113,Bartender,Norwegian Cruise Line Holdings Ltd.,posted,2026-07-13T19:07:50.090932,152
f899ef8e5c320cb5,https://bz.linkedin.com/jobs/view/concierge-at-norwegian-cruise-line-holdings-ltd-4300949831,Concierge,Norwegian Cruise Line Holdings Ltd.,posted,2026-07-13T19:08:00.570351,154
31cbd780a5c87bda,https://bz.linkedin.com/jobs/view/general-interest-at-elg-australia-4439731248,General Interest,ELG Australia,posted,2026-07-15T18:19:48.460596,156
162f4e12b02c8f8b,https://bz.linkedin.com/jobs/view/hospitality-general-manager-at-innovation-assistant-4440306982,Hospitality General Manager,Innovation Assistant,posted,2026-07-15T18:20:01.338988,158
1cf34041207d503f,https://bz.linkedin.com/jobs/view/guest-relations-specialist-at-cs-outsource-4439469309,Guest Relations Specialist,CS Outsource,posted,2026-07-15T18:20:12.996360,160
3897965e18521f09,https://bz.linkedin.com/jobs/view/solid-waste-staff-at-norwegian-cruise-line-holdings-ltd-4300962160,Solid Waste Staff,Norwegian Cruise Line Holdings Ltd.,posted,2026-07-15T18:20:23.938910,162
71d43018803da98d,https://bz.linkedin.com/jobs/view/public-area-attendant-at-norwegian-cruise-line-holdings-ltd-4239629926,Public Area Attendant,Norwegian Cruise Line Holdings Ltd.,posted,2026-07-15T18:20:38.081231,164
44f7913a1bd77140,https://bz.linkedin.com/jobs/view/customer-service-representative-hosted-fulfillment-at-leadventure%C2%AE-4430590327,Customer Service Representative - Hosted Fulfillment,LeadVenture®,posted,2026-07-15T18:20:52.352960,166
d13e337da14c9321,https://bz.linkedin.com/jobs/view/crm-manager-remote-work-at-bairesdev-4440229059,CRM Manager - Remote Work,BairesDev,posted,2026-07-15T18:21:06.084297,168
7c3002576ff1259c,https://bz.linkedin.com/jobs/view/heavy-duty-mechanic-at-norwegian-cruise-line-holdings-ltd-4300944909,Heavy Duty Mechanic,Norwegian Cruise Line Holdings Ltd.,posted,2026-07-15T18:21:17.125149,170
ef0d0d6f9e105aec,https://bz.linkedin.com/jobs/view/senior-technical-program-manager-remote-work-at-bairesdev-4439904919,Senior Technical Program Manager - Remote Work,BairesDev,posted,2026-07-15T18:21:25.962651,118
f2e1070998425936,https://bz.linkedin.com/jobs/view/senior-devsecops-engineer-remote-work-at-bairesdev-4439452020,Senior DevSecOps Engineer - Remote Work,BairesDev,posted,2026-07-15T18:21:32.849778,112
8680e01ba0fdc696,https://bz.linkedin.com/jobs/view/senior-devsecops-engineer-remote-work-at-bairesdev-4439905199,Senior DevSecOps Engineer - Remote Work,BairesDev,scraped,2026-07-15T18:21:36.933173,
d83f9c261479919c,https://bz.linkedin.com/jobs/view/senior-security-data-scientist-python-remote-work-at-bairesdev-4439439793,Senior Security Data Scientist (Python) - Remote Work,BairesDev,posted,2026-07-15T18:21:45.911294,172
2b2e0e344d7d51bb,https://bz.linkedin.com/jobs/view/senior-security-data-scientist-python-remote-work-at-bairesdev-4439909143,Senior Security Data Scientist (Python) - Remote Work,BairesDev,scraped,2026-07-15T18:21:49.996558,
d68e0590f0ee1e27,https://bz.linkedin.com/jobs/view/team-lead-at-fhi-360-4431674053,Team Lead,FHI 360,posted,2026-07-15T18:21:58.440770,174
bb8457de98e819cb,https://bz.linkedin.com/jobs/view/cleaner-at-mcdonald-s-midden-limburg-en-maastricht-centrum-4441981186,Cleaner,,scraped,2026-07-17T17:53:14.483292,
e0fe70792f9d925f,https://bz.linkedin.com/jobs/view/integration-specialist-at-leadventure%C2%AE-4414719735,Integration Specialist,LeadVenture®,posted,2026-07-17T17:53:29.097398,176
b7d3673be05dfea4,https://bz.linkedin.com/jobs/view/talent-acquisition-specialist-at-toptal-4431888589,Talent Acquisition Specialist,Toptal,posted,2026-07-17T17:53:37.483076,178
93154f3a65e702ae,https://bz.linkedin.com/jobs/view/private-sector-tvet-lead-at-creative-associates-international-4432255438,Private Sector TVET Lead,Creative Associates International,posted,2026-07-17T17:53:48.510293,180
8daa33a254325baa,https://bz.linkedin.com/jobs/view/housing-specialist-at-cs-outsource-4440799447,Housing Specialist,CS Outsource,posted,2026-07-17T17:53:56.031118,182
fea6f9607cd2adb7,https://bz.linkedin.com/jobs/view/security-at-norwegian-cruise-line-holdings-ltd-4239631266,Security,Norwegian Cruise Line Holdings Ltd.,posted,2026-07-17T17:54:07.683006,184
30d12b4431e1ca6e,https://bz.linkedin.com/jobs/view/lifeguard-at-norwegian-cruise-line-holdings-ltd-4365610084,Lifeguard,Norwegian Cruise Line Holdings Ltd.,posted,2026-07-17T17:54:16.459910,186
43ae5163262ab111,https://bz.linkedin.com/jobs/view/bilingual-mental-health-intake-care-coordinator-at-golean-health-4441132768,Bilingual Mental Health Intake & Care Coordinator,GoLean Health,posted,2026-07-19T17:43:54.668050,188
86472cbbdd6a8780,https://bz.linkedin.com/jobs/view/bilingual-medical-virtual-assistant-live-medical-scribe-at-golean-health-4441144454,Bilingual Medical Virtual Assistant / Live Medical Scribe,GoLean Health,posted,2026-07-19T17:44:06.433414,190
af3731fa4dd9c774,https://bz.linkedin.com/jobs/view/vaga-para-vendedor-na-authentic-feet-at-parkshopping-canoas-4442118405,Vaga para Vendedor na Authentic Feet,,scraped,2026-07-19T17:44:09.037476,
6966faa70915cff7,https://bz.linkedin.com/jobs/view/talent-acquisition-associate-remote-work-at-bairesdev-4439894796,Talent Acquisition Associate - Remote Work,BairesDev,posted,2026-07-19T17:44:21.237028,192
0dc455fdc5e21a8a,https://bz.linkedin.com/jobs/view/recruitment-manager-belmopan-belize-at-the-office-gurus-4442400133,"Recruitment Manager - Belmopan, Belize",The Office Gurus,posted,2026-07-19T17:44:29.625772,194
cc49abde3d35c38e,https://bz.linkedin.com/jobs/view/warehouse-supervisor-at-norwegian-cruise-line-holdings-ltd-4333349705,Warehouse Supervisor,Norwegian Cruise Line Holdings Ltd.,posted,2026-07-19T17:44:38.268486,196
6b3a3e1e036da0f4,https://bz.linkedin.com/jobs/view/technical-website-support-specialist-at-dealer-spike-llc-4439422740,Technical Website Support Specialist,Dealer Spike LLC,posted,2026-07-19T17:44:45.113479,138
5bc80ed87ed556ee,https://bz.linkedin.com/jobs/view/corporate-travel-and-mobility-agent-remote-work-at-bairesdev-4439895132,Corporate Travel and Mobility Agent - Remote Work,BairesDev,posted,2026-07-19T17:44:49.755454,106
ba12a0545f4227ec,https://bz.linkedin.com/jobs/view/bartender-at-innovation-assistant-4442150221,Bartender,Innovation Assistant,posted,2026-07-19T17:44:58.364440,152
6b3b8664c072ff4b,https://bz.linkedin.com/jobs/view/senior-site-reliability-engineer-sre-remote-work-at-bairesdev-4439471150,Senior Site Reliability Engineer (SRE) - Remote Work,BairesDev,posted,2026-07-19T17:45:22.441203,198
2b719e7bb6d57511,https://bz.linkedin.com/jobs/view/appointment-setter-at-insideout-4440476525,Appointment Setter,InsideOut,posted,2026-07-21T18:52:27.716875,200
ee758b9ffd51134d,https://bz.linkedin.com/jobs/view/cleaner-at-mcdonald-s-midden-limburg-en-maastricht-centrum-4443352938,Cleaner,,scraped,2026-07-21T18:52:32.292386,
71d7d1a4c009e0ec,https://bz.linkedin.com/jobs/view/growth-engineer-remote-work-at-bairesdev-4442644299,Growth Engineer - Remote Work,BairesDev,posted,2026-07-21T18:52:54.126888,202
b013fc9b9ff173a6,https://bz.linkedin.com/jobs/view/talent-acquisition-associate-remote-work-at-bairesdev-4442646238,Talent Acquisition Associate - Remote Work,BairesDev,posted,2026-07-21T18:52:58.956393,192
5ec267b039157ced,https://bz.linkedin.com/jobs/view/property-manager-at-cs-outsource-4441727693,Property Manager,CS Outsource,posted,2026-07-21T18:53:07.000106,204
d832e613f178a9c7,https://bz.linkedin.com/jobs/view/data-engineer-at-perform-4403259085,Data Engineer,Perform,posted,2026-07-21T18:53:13.724178,116
bfcbefbd7a76b097,https://bz.linkedin.com/jobs/view/senior-security-scrum-master-remote-work-at-bairesdev-4442664222,Senior Security Scrum Master - Remote Work,BairesDev,posted,2026-07-21T18:53:22.643770,110
8c2472e824b3ed5b,https://bz.linkedin.com/jobs/view/quality-control-support-specialist-at-leadventure%C2%AE-4442665986,Quality Control Support Specialist,LeadVenture®,posted,2026-07-21T18:53:31.721054,206
7c33ab2674a999d3,https://bz.linkedin.com/jobs/view/inventory-analyst-at-impala-terminals-4423531331,Inventory Analyst,,scraped,2026-07-21T18:53:34.272932,
aa3138ffcdac1974,https://bz.linkedin.com/jobs/view/senior-technical-program-manager-remote-work-at-bairesdev-4442655419,Senior Technical Program Manager - Remote Work,BairesDev,posted,2026-07-21T18:53:45.158010,118
ca76f5134d453c0d,https://bz.linkedin.com/jobs/view/appointment-setter-at-insideout-4441068372,Appointment Setter,InsideOut,failed|wp_post_failed,2026-07-23T18:48:32.057031,
f5b9c3e0dba6deb9,https://bz.linkedin.com/jobs/view/deckhand-at-norwegian-cruise-line-holdings-ltd-4295474171,Deckhand,Norwegian Cruise Line Holdings Ltd.,failed|wp_post_failed,2026-07-23T18:48:40.492353,
2756281666b2f989,https://bz.linkedin.com/jobs/view/cleaner-at-mcdonald-s-midden-limburg-en-maastricht-centrum-4443904526,Cleaner,,scraped,2026-07-23T18:48:45.032265,
afab1d3e0233f76d,https://bz.linkedin.com/jobs/view/talent-quality-auditor-remote-work-at-bairesdev-4442907027,Talent Quality Auditor - Remote Work,BairesDev,failed|wp_post_failed,2026-07-23T18:49:02.658917,
010cab83eefa1426,https://bz.linkedin.com/jobs/view/walk-a-%23wildmile-recording-mammals-using-the-mammal-mapper-app-at-isles-of-scilly-community-research-network-4443565188,Walk a #WildMile - recording mammals using the Mammal Mapper App,,scraped,2026-07-23T18:49:07.010701,
9ebb4c5ee19e5cc1,https://bz.linkedin.com/jobs/view/crm-manager-remote-work-at-bairesdev-4443143529,CRM Manager - Remote Work,BairesDev,failed|wp_post_failed,2026-07-23T18:49:20.044539,
e02da42f509d81e5,https://bz.linkedin.com/jobs/view/talent-network-social-media-brand-strategist-at-toptal-4441903850,Talent Network Social Media Brand Strategist,Toptal,failed|wp_post_failed,2026-07-23T18:49:29.566734,
3e7fec528e2d6227,https://bz.linkedin.com/jobs/view/customer-support-%E2%80%93-email-and-dns-specialist-at-leadventure%C2%AE-4444005737,Customer Support – Email and DNS Specialist,LeadVenture®,failed|wp_post_failed,2026-07-23T18:49:37.931355,
8e635c765666bd00,https://bz.linkedin.com/jobs/view/naybaz-stote-partner-at-bowen-bowen-limited-4444225652,Naybaz stote partner,Bowen &amp; Bowen Limited,failed|wp_post_failed,2026-07-23T18:49:46.263882,
a070ee6ea8fe44fb,https://bz.linkedin.com/jobs/view/appointment-setter-at-insideout-4441815516,Appointment Setter,InsideOut,posted,2026-07-25T17:44:28.248528,200
d89ea726b5b5271c,https://bz.linkedin.com/jobs/view/technical-officer-at-immarbe-at-international-merchant-marine-registry-of-belize-immarbe-4439582215,Technical Officer at IMMARBE,,scraped,2026-07-25T17:44:40.822396,
d14fef0406f75dfa,https://bz.linkedin.com/jobs/view/talent-specialist-at-hax-labs-hax-labs-com-4443734526,Talent Specialist,Hax Labs (hax-labs.com),posted,2026-07-25T17:44:49.813514,30
bf18063ecfb0120e,https://bz.linkedin.com/jobs/view/mystic-coach-at-lifttalk-com-4442739246,Mystic Coach,,scraped,2026-07-25T17:44:52.423560,
e6bd5076bfb4a4a4,https://bz.linkedin.com/jobs/view/procurement-specialist-vacancy-%E2%80%93-millennium-challenge-account-%E2%80%93-belize-at-belize-chamber-of-commerce-industry-4444787894,Procurement Specialist Vacancy – Millennium Challenge Account – Belize,,scraped,2026-07-25T17:45:00.867766,
b058cd29880eb13a,https://bz.linkedin.com/jobs/view/carib-%E3%81%BF%E3%81%84%E3%81%AA-%E4%BB%86%E3%81%AE%E3%81%93%E3%81%A8%E3%82%92%E5%A5%BD%E3%81%8D%E3%81%99%E3%81%8E%E3%82%8B%E6%BA%90-at-daly-creek-winery-bistro-4441886578,carib-みいな 仆のことを好きすぎる源,Daly Creek Winery &amp; Bistro,posted,2026-07-25T17:45:15.311373,208
d355e2a3dd82f268,https://bz.linkedin.com/jobs/view/capital-corporate-services-limited-accounts-receivable-officer-vacancy-at-belize-chamber-of-commerce-industry-4444788759,Capital Corporate Services Limited: Accounts Receivable Officer Vacancy,,scraped,2026-07-25T17:45:17.871541,
9fa8c58f981f6a9e,https://bz.linkedin.com/jobs/view/tvet-governance-and-quality-assurance-specialist-at-creative-associates-international-4444048338,TVET Governance and Quality Assurance Specialist,Creative Associates International,posted,2026-07-25T17:45:42.474772,210
3788960ab24c1302,https://bz.linkedin.com/jobs/view/technical-growth-marketing-manager-remote-work-at-bairesdev-4442639170,Technical Growth Marketing Manager - Remote Work,BairesDev,posted,2026-07-25T17:45:50.110790,212
a6bf9c00933cbf71,https://bz.linkedin.com/jobs/view/appointment-setter-at-insideout-4442861912,Appointment Setter,InsideOut,posted,2026-07-27T19:02:44.684591,200
dc3f1e8305546894,https://bz.linkedin.com/jobs/view/conduct-supervision-examiner-central-bank-of-belize-at-central-bank-of-belize-4445666727,Conduct Supervision Examiner - Central Bank of Belize,,scraped,2026-07-27T19:02:55.332962,
9d6fc82d9e8627f5,https://bz.linkedin.com/jobs/view/screening-operations-specialist-at-toptal-4445635437,Screening Operations Specialist,Toptal,posted,2026-07-27T19:03:12.340615,214
fee4c796a481bb76,https://bz.linkedin.com/jobs/view/dispatcher-representative-native-english-caribbean-latam-remote-at-geeks-on-site-4444439931,Dispatcher Representative (Native English - Caribbean & LATAM) - Remote,Geeks on Site,posted,2026-07-29T18:15:06.733927,216
0647019a3c4f0c17,https://bz.linkedin.com/jobs/view/junior-auditor-at-pkf-belize-4446802979,Junior Auditor,,scraped,2026-07-29T18:15:09.268328,
4f84cc012f2d6493,https://bz.linkedin.com/jobs/view/marketing-project-manager-clickup-at-sweat-pants-agency-4445351403,Marketing Project Manager (ClickUp),Sweat Pants Agency,posted,2026-07-29T18:15:24.551667,218
c96f2908cc15338a,https://bz.linkedin.com/jobs/view/virtual-assistant-at-cs-outsource-4444609662,Virtual Assistant,CS Outsource,posted,2026-07-29T18:15:29.396828,24
8b7c27a69a5897f7,https://bz.linkedin.com/jobs/view/marketing-project-manager-clickup-at-sweat-pants-agency-4445340732,Marketing Project Manager (ClickUp),Sweat Pants Agency,posted,2026-07-29T18:15:36.316138,218
f46bb04897cfebaa,https://bz.linkedin.com/jobs/view/executive-recruiter-remote-work-at-bairesdev-4446401336,Executive Recruiter - Remote Work,BairesDev,posted,2026-07-29T18:15:50.683567,220
4224127c53e617fd,https://bz.linkedin.com/jobs/view/senior-security-scrum-master-remote-work-at-bairesdev-4446350243,Senior Security Scrum Master - Remote Work,BairesDev,posted,2026-07-29T18:15:55.438726,110
10389d05a3ffa6f6,https://bz.linkedin.com/jobs/view/corporate-travel-and-mobility-agent-remote-work-at-bairesdev-4445749031,Corporate Travel and Mobility Agent - Remote Work,BairesDev,posted,2026-07-29T18:16:00.333051,106
a8c2db6a3318365a,https://bz.linkedin.com/jobs/view/slot-technician-at-royal-caribbean-group-4445453254,Slot Technician,Royal Caribbean Group,posted,2026-07-29T18:16:11.399568,222
18ee8eb83cb789af,https://bz.linkedin.com/jobs/view/senior-technical-program-manager-remote-work-at-bairesdev-4446408560,Senior Technical Program Manager - Remote Work,BairesDev,posted,2026-07-29T18:16:18.449517,118
132e53b60d5eeaa5,https://bz.linkedin.com/jobs/view/marketing-screening-team-lead-at-toptal-4444977243,Marketing Screening Team Lead,Toptal,posted,2026-07-29T18:16:28.120362,224
337ed97349ecfa5f,https://bz.linkedin.com/jobs/view/senior-security-data-scientist-python-remote-work-at-bairesdev-4445755028,Senior Security Data Scientist (Python) - Remote Work,BairesDev,posted,2026-07-29T18:16:33.169843,172
2c298179ad256a6f,https://bz.linkedin.com/jobs/view/senior-business-intelligence-analyst-marketing-at-toptal-4437448958,"Senior Business Intelligence Analyst, Marketing",Toptal,posted,2026-07-29T18:16:41.790607,226
dfc8bf98d44dc3e7,https://bz.linkedin.com/jobs/view/appointment-setter-at-insideout-4444152091,Appointment Setter,InsideOut,posted,2026-07-29T18:16:48.639306,200
1677c57d36274258,https://bz.linkedin.com/jobs/view/talent-quality-auditor-remote-work-at-bairesdev-4445771345,Talent Quality Auditor - Remote Work,BairesDev,posted,2026-07-29T18:17:00.899817,228
a8c18ad4df8b619b,https://bz.linkedin.com/jobs/view/quality-assurance-specialist-i-at-leadventure%C2%AE-4445769238,Quality Assurance Specialist I,LeadVenture®,posted,2026-07-29T18:17:18.350106,230
bef238fc1f5048cf,https://bz.linkedin.com/jobs/view/business-development-representative-remote-at-virtual-assist-4444549724,Business Development Representative (Remote),Virtual Assist,posted,2026-07-31T18:58:50.524007,232
ccee2b307541e418,https://bz.linkedin.com/jobs/view/casino-manager-at-royal-caribbean-group-4446459416,Casino Manager,Royal Caribbean Group,posted,2026-07-31T18:59:01.411368,234
656eaa8af1324e78,https://bz.linkedin.com/jobs/view/assistant-casino-manager-at-royal-caribbean-group-4446457498,Assistant Casino Manager,Royal Caribbean Group,posted,2026-07-31T18:59:12.570912,236
1e0da7f489285cfd,https://bz.linkedin.com/jobs/view/casino-supervisor-at-royal-caribbean-group-4446464351,Casino Supervisor,Royal Caribbean Group,posted,2026-07-31T18:59:22.999060,238
ada3d4f1057a5ae0,https://bz.linkedin.com/jobs/view/dispatch-coordinator-at-cs-outsource-4446943118,Dispatch Coordinator,CS Outsource,posted,2026-07-31T18:59:36.707331,240
53dbac7185f8fc45,https://bz.linkedin.com/jobs/view/crm-manager-remote-work-at-bairesdev-4445727914,CRM Manager - Remote Work,BairesDev,posted,2026-07-31T18:59:44.425524,168
d60376d839a36ac9,https://bz.linkedin.com/jobs/view/education-data-monitoring-and-quality-assurance-specialist-belize-mca-project-at-rti-international-4447563579,"Education Data, Monitoring, and Quality Assurance Specialist, Belize MCA Project",RTI International,posted,2026-07-31T19:00:16.126480,242
d274ddcef1514625,https://bz.linkedin.com/jobs/view/request-for-expressions-of-interest-national-consultancy-to-update-the-management-plan-for-the-san-san-pond-sak-national-wetland-park-panama-at-schmidt-marine-technology-partners-4447735273,"Request for Expressions of Interest - National Consultancy to update the Management Plan for the San San Pond Sak National Wetland Park, Panama",Schmidt Marine Technology Partners,posted,2026-08-01T17:49:33.363498,244
3a71a8e854be08f0,https://bz.linkedin.com/jobs/view/busser-at-norwegian-cruise-line-holdings-ltd-4446880966,Busser,Norwegian Cruise Line Holdings Ltd.,posted,2026-08-01T17:49:41.873253,54
7b58562f7933d1ca,https://bz.linkedin.com/jobs/view/sales-specialist-at-cs-outsource-4447180895,Sales Specialist,CS Outsource,posted,2026-08-01T17:49:49.800102,246
7772354f2c710738,https://bz.linkedin.com/jobs/view/appointment-setter-at-insideout-4446255070,Appointment Setter,InsideOut,posted,2026-08-03T19:12:16.526663,200
eaf6ab104aafe254,https://bz.linkedin.com/jobs/view/dispatch-coordinator-at-cs-outsource-4447147914,Dispatch Coordinator,CS Outsource,posted,2026-08-03T19:12:23.677946,240
aa55d692c89baa0f,https://bz.linkedin.com/jobs/view/sales-development-representatives-at-targetbay-4447535079,Sales Development Representatives,TargetBay,posted,2026-08-03T19:12:32.459077,248
53b13e5f24f8effe,https://bz.linkedin.com/jobs/view/teacher-policy-lead-at-fhi-360-4431655935,Teacher Policy Lead,FHI 360,posted,2026-08-03T19:12:52.585620,250
4c970d67962cef58,https://bz.linkedin.com/jobs/view/cleaner-at-mcdonald-s-midden-limburg-en-maastricht-centrum-4449601193,Cleaner,,scraped,2026-08-05T19:06:55.665719,
ef24dd0bd5110e51,https://bz.linkedin.com/jobs/view/capital-corporate-services-limited-accounts-receivable-officer-vacancy-at-belize-chamber-of-commerce-industry-4447363090,Capital Corporate Services Limited: Accounts Receivable Officer Vacancy,,scraped,2026-08-05T19:07:02.333716,
6d2329b9ea993074,https://bz.linkedin.com/jobs/view/talent-quality-auditor-remote-work-at-bairesdev-4448530478,Talent Quality Auditor - Remote Work,BairesDev,posted,2026-08-05T19:07:14.090690,228
7ab7a8ee32f3e75c,https://bz.linkedin.com/jobs/view/talent-acquisition-specialist-at-toptal-4448602850,Talent Acquisition Specialist,Toptal,posted,2026-08-05T19:07:19.233677,178
17a49c6ccb069818,https://bz.linkedin.com/jobs/view/recruiting-analyst-remote-work-at-bairesdev-4448575638,Recruiting Analyst - Remote Work,BairesDev,posted,2026-08-05T19:07:28.399586,252
da1de79929610d35,https://bz.linkedin.com/jobs/view/belize-chamber-of-commerce-industry-policy-analyst-vacancy-at-belize-chamber-of-commerce-industry-4447355451,Belize Chamber of Commerce & Industry: Policy Analyst Vacancy,,scraped,2026-08-05T19:07:30.975591,
4766ef77f68864de,https://bz.linkedin.com/jobs/view/medical-advisor-at-the-office-gurus-4449028128,Medical Advisor,The Office Gurus,posted,2026-08-05T19:07:43.705331,254
311adfd88156b25b,https://bz.linkedin.com/jobs/view/sales-call-specialist-at-web-rocket-pro-4448971191,Sales Call Specialist,Web Rocket Pro,posted,2026-08-05T19:07:54.723469,256
78dbf882b1df4dde,https://bz.linkedin.com/jobs/view/project-manager-it-remote-work-at-bairesdev-4449133375,Project Manager (IT) - Remote Work,BairesDev,posted,2026-08-05T19:08:02.899599,258
a237c1c6b2fbbc8e,https://bz.linkedin.com/jobs/view/customer-success-specialist-at-cs-outsource-4446900135,Customer Success Specialist,CS Outsource,posted,2026-08-05T19:08:10.327865,260
475de90967ab295c,https://bz.linkedin.com/jobs/view/consultor-pec-diagn%C3%B3stico-de-implementaci%C3%B3n-del-grupo-de-washington-en-censos-y-encuestas-de-alc-at-inter-american-development-bank-4447323216,Consultor PEC - Diagnóstico de implementación del Grupo de Washington en censos y encuestas de ALC,Inter-American Development Bank,posted,2026-08-05T19:08:19.138509,262
05830e379c888399,https://bz.linkedin.com/jobs/view/project-manager-senior-remote-work-at-bairesdev-4449121722,Project Manager Senior - Remote Work,BairesDev,posted,2026-08-05T19:08:26.814184,264
97edbad8bf290e77,https://bz.linkedin.com/jobs/view/project-manager-remote-work-at-bairesdev-4449137346,Project Manager - Remote Work,BairesDev,posted,2026-08-05T19:08:40.601137,266
e4984edbac3ad16a,https://bz.linkedin.com/jobs/view/capital-corporate-services-limited-administrative-assistant-vacancy-at-belize-chamber-of-commerce-industry-4447350663,Capital Corporate Services Limited: Administrative Assistant Vacancy,,scraped,2026-08-05T19:08:43.223824,
92d4400e1ac7ee31,https://bz.linkedin.com/jobs/view/technical-project-manager-remote-work-at-bairesdev-4449121715,Technical Project Manager - Remote Work,BairesDev,posted,2026-08-05T19:08:55.625483,268
f90e9113116f0b35,https://bz.linkedin.com/jobs/view/semi-senior-project-manager-remote-work-at-bairesdev-4449137123,Semi Senior Project Manager - Remote Work,BairesDev,posted,2026-08-05T19:09:04.211443,270
a55de31c8226e1ca,https://bz.linkedin.com/jobs/view/senior-it-project-manager-remote-work-at-bairesdev-4449128920,Senior IT Project Manager - Remote Work,BairesDev,posted,2026-08-05T19:09:11.998506,272
0fc0c24ecc18eec2,https://bz.linkedin.com/jobs/view/team-leader-at-fhi-360-4431674053,Team Leader,FHI 360,posted,2026-08-05T19:09:20.526814,274
36661ed078f079fc,https://bz.linkedin.com/jobs/view/crewed-yacht-team-captain-chef-at-the-moorings-yacht-charters-4450045461,Crewed Yacht Team-Captain & Chef,The Moorings Yacht Charters,posted,2026-08-07T15:10:27.090289,276
a6bdd7d841372c17,https://bz.linkedin.com/jobs/view/financial-accuracy-tax-logic-expert-ai-community-at-telus-digital-ai-data-solutions-4449451933,Financial Accuracy & Tax Logic Expert (AI Community),TELUS Digital AI Data Solutions,posted,2026-08-07T15:10:37.756908,46
a11036a597b8b4df,https://bz.linkedin.com/jobs/view/virtual-assistant-at-cs-outsource-4449305801,Virtual Assistant,CS Outsource,posted,2026-08-07T15:11:02.462385,24
8dec8561ef9727c9,https://bz.linkedin.com/jobs/view/property-manager-at-cs-outsource-4449311610,Property Manager,CS Outsource,posted,2026-08-07T15:11:15.208413,204
fb4cbb3c3c07adb6,https://bz.linkedin.com/jobs/view/software-engineer-elixir-phoenix-remote-latin-america-at-bluelight-4448619553,Software Engineer - Elixir/Phoenix - Remote - Latin America,Bluelight,posted,2026-08-07T15:11:24.077058,278
c49bb20b5e82937b,https://bz.linkedin.com/jobs/view/software-engineer-elixir-phoenix-remote-latin-america-at-bluelight-4448632387,Software Engineer - Elixir/Phoenix - Remote - Latin America,Bluelight,posted,2026-08-07T15:11:28.782208,278
1dd8c17c8397c165,https://bz.linkedin.com/jobs/view/multimodal-ai-content-expert-ai-community-at-telus-digital-ai-data-solutions-4449471348,Multimodal AI Content Expert (AI Community),TELUS Digital AI Data Solutions,posted,2026-08-07T15:11:33.392850,50
fb0b7031130e37f7,https://bz.linkedin.com/jobs/view/prep-cook-at-norwegian-cruise-line-holdings-ltd-4448382723,Prep Cook,Norwegian Cruise Line Holdings Ltd.,posted,2026-08-09T14:54:14.551599,280
9c15c463902dcac5,https://bz.linkedin.com/jobs/view/ac-refrigeration-asst-technician-at-norwegian-cruise-line-holdings-ltd-4239630346,AC Refrigeration Asst. Technician,Norwegian Cruise Line Holdings Ltd.,posted,2026-08-09T14:54:24.708859,282
2602f81fd907c4ff,https://bz.linkedin.com/jobs/view/crm-manager-remote-work-at-bairesdev-4448998766,CRM Manager - Remote Work,BairesDev,posted,2026-08-09T14:54:31.616858,168
39c445439e6b08be,https://bz.linkedin.com/jobs/view/software-engineer-elixir-phoenix-latin-america-remote-at-bluelight-4448113610,Software Engineer (Elixir/Phoenix) - Latin America (REMOTE),Bluelight,posted,2026-08-09T14:54:42.650828,284
32ae194beea8a162,https://bz.linkedin.com/jobs/view/software-engineer-elixir-phoenix-latin-america-remote-at-bluelight-4448115622,Software Engineer (Elixir/Phoenix) - Latin America (REMOTE),Bluelight,posted,2026-08-09T14:54:47.383014,284
b331381824e48b2e,https://bz.linkedin.com/jobs/view/financial-accuracy-tax-logic-specialist-intermediate-ai-community-at-telus-digital-ai-data-solutions-4450616632,Financial Accuracy & Tax Logic Specialist - Intermediate (AI Community),TELUS Digital AI Data Solutions,posted,2026-08-09T14:55:01.840011,286
f2bbd3a3310ac88b,https://bz.linkedin.com/jobs/view/human-ai-interaction-ux-expert-ai-community-at-telus-digital-ai-data-solutions-4449465621,Human-AI Interaction & UX Expert (AI Community),TELUS Digital AI Data Solutions,posted,2026-08-09T14:55:10.939775,288
546f452c6b275022,https://bz.linkedin.com/jobs/view/identity-trust-fraud-intelligence-expert-ai-community-at-telus-digital-ai-data-solutions-4449463594,Identity Trust & Fraud Intelligence Expert (AI Community),TELUS Digital AI Data Solutions,posted,2026-08-09T14:55:19.831585,290
f277902fc035bb8a,https://bz.linkedin.com/jobs/view/cleaner-at-mcdonald-s-midden-limburg-en-maastricht-centrum-4452436819,Cleaner,,scraped,2026-08-11T15:16:51.484236,
c10ab46d691c4229,https://bz.linkedin.com/jobs/view/partnership-lead-us-latam-at-tripleten-4449090999,Partnership Lead (US & LATAM),TripleTen,posted,2026-08-11T15:17:16.592931,292
48d3bd4a4c37616e,https://bz.linkedin.com/jobs/view/talent-coach-at-toptal-4451864924,Talent Coach,Toptal,posted,2026-08-11T15:17:24.488078,294
1363b6bf36fc10dd,https://bz.linkedin.com/jobs/view/project-manager-at-fusion-growth-partners-4449677722,Project Manager,Fusion Growth Partners,posted,2026-08-11T15:17:33.503953,296
cc1e6f02219cb79c,https://bz.linkedin.com/jobs/view/technical-project-manager-remote-work-at-bairesdev-4451431881,Technical Project Manager - Remote Work,BairesDev,posted,2026-08-11T15:17:38.360890,268
a9c85121e8a8df9f,https://bz.linkedin.com/jobs/view/capital-corporate-services-limited-aml-compliance-officer-assistant-vacancy-at-belize-chamber-of-commerce-industry-4447354538,Capital Corporate Services Limited: AML Compliance Officer Assistant Vacancy,,scraped,2026-08-11T15:17:44.929733,
78a69b7902faa56d,https://bz.linkedin.com/jobs/view/university-of-belize-vacancy-%E2%80%93-human-resources-director-at-belize-chamber-of-commerce-industry-4447356463,University of Belize Vacancy – Human Resources Director,,scraped,2026-08-11T15:17:53.034013,
704abe84302af52e,https://bz.linkedin.com/jobs/view/project-manager-it-remote-work-at-bairesdev-4451402680,Project Manager (IT) - Remote Work,BairesDev,posted,2026-08-11T15:18:05.021752,258
3e70f74c92eca779,https://bz.linkedin.com/jobs/view/project-manager-senior-remote-work-at-bairesdev-4451427538,Project Manager Senior - Remote Work,BairesDev,posted,2026-08-11T15:18:09.939589,264
379250419042632c,https://bz.linkedin.com/jobs/view/senior-it-project-manager-remote-work-at-bairesdev-4451436105,Senior IT Project Manager - Remote Work,BairesDev,posted,2026-08-11T15:18:16.820370,272
fa3b810d707e20a8,https://bz.linkedin.com/jobs/view/talent-quality-auditor-remote-work-at-bairesdev-4452999409,Talent Quality Auditor - Remote Work,BairesDev,posted,2026-08-13T15:15:55.829513,228
719d793d0f9d3ccd,https://bz.linkedin.com/jobs/view/recruiting-analyst-remote-work-at-bairesdev-4451949197,Recruiting Analyst - Remote Work,BairesDev,posted,2026-08-13T15:16:02.823818,252
88ba9f0a6c451789,https://bz.linkedin.com/jobs/view/settlement-coordinator-at-rose-harper-law-llc-4454023724,Settlement Coordinator,"Rose Harper Law, LLC",posted,2026-08-13T15:16:12.571546,298
6f3809348f178eaf,https://bz.linkedin.com/jobs/view/project-operations-specialist-at-toptal-4453363413,Project Operations Specialist,Toptal,posted,2026-08-13T15:16:23.642570,300
2f0d3df972b9ce1b,https://bz.linkedin.com/jobs/view/technical-support-specialist-at-leadventure%C2%AE-4442917563,Technical Support Specialist,LeadVenture®,posted,2026-08-13T15:16:28.903248,108
92b7c4dd1d0d4297,https://bz.linkedin.com/jobs/view/semi-senior-project-manager-remote-work-at-bairesdev-4451422331,Semi Senior Project Manager - Remote Work,BairesDev,posted,2026-08-13T15:16:37.826064,270
be20969d6f6a67a8,https://bz.linkedin.com/jobs/view/talent-network-marketing-specialist-at-toptal-4404527604,Talent Network: Marketing Specialist,Toptal,posted,2026-08-13T15:16:56.228929,302
84bb8f4009fdbf2e,https://bz.linkedin.com/jobs/view/senior-software-engineer-flask-react-remote-latin-america-at-bluelight-4451358858,"Senior Software Engineer (Flask/React) - Remote, Latin America",Bluelight,posted,2026-08-13T15:17:12.802720,304
006f2b0fbc472c73,https://bz.linkedin.com/jobs/view/senior-software-engineer-flask-react-remote-latin-america-at-bluelight-4451360848,"Senior Software Engineer (Flask/React) - Remote, Latin America",Bluelight,posted,2026-08-13T15:17:17.908961,304
547495ad6bb26cb2,https://bz.linkedin.com/jobs/view/team-leader-tvet-systems-and-institutional-reform-specialist-at-creative-associates-international-4444050302,Team Leader/TVET Systems and Institutional Reform Specialist,Creative Associates International,posted,2026-08-15T14:40:32.283566,306
65d2a26d0fe0537e,https://bz.linkedin.com/jobs/view/crm-manager-remote-work-at-bairesdev-4451691601,CRM Manager - Remote Work,BairesDev,posted,2026-08-17T14:46:13.215414,168
d300f494ca9e15c0,https://bz.linkedin.com/jobs/view/it-specialist-at-oristech-4455209902,IT Specialist,Oristech,posted,2026-08-17T14:46:23.531484,308
91a8c80981f9e9ad,https://bz.linkedin.com/jobs/view/marketing-specialist-remote-work-at-bairesdev-4452723889,Marketing Specialist - Remote Work,BairesDev,posted,2026-08-17T14:46:32.250418,310
0cb430debc4f9ffd,https://bz.linkedin.com/jobs/view/legal-claims-processor-at-isame-credit-collection-ltd-4455210222,Legal Claims Processor,ISAME Credit Collection Ltd.,posted,2026-08-17T14:46:42.869612,312
be20891cc44bfcf1,https://bz.linkedin.com/jobs/view/marketing-project-manager-paid-media-at-sweat-pants-agency-4455190738,"Marketing Project Manager, Paid Media",Sweat Pants Agency,posted,2026-08-19T14:54:20.792355,314
0b240e808ebabda5,https://bz.linkedin.com/jobs/view/technical-project-manager-remote-work-at-bairesdev-4454907137,Technical Project Manager - Remote Work,BairesDev,posted,2026-08-19T14:54:25.760561,268
cb6db25a62b44125,https://bz.linkedin.com/jobs/view/project-manager-remote-work-at-bairesdev-4454992927,Project Manager - Remote Work,BairesDev,posted,2026-08-19T14:54:30.458130,266
29c2c674cd373401,https://bz.linkedin.com/jobs/view/business-development-representative-latin-america-remote-position-at-bluelight-4455791066,"Business Development Representative, Latin America, Remote position",Bluelight,posted,2026-08-19T14:54:41.032203,316
274eea1d135bf872,https://bz.linkedin.com/jobs/view/business-development-representative-latin-america-remote-position-at-bluelight-4455774253,"Business Development Representative, Latin America, Remote position",Bluelight,posted,2026-08-19T14:54:46.060495,316
553dd90c347b0a66,https://bz.linkedin.com/jobs/view/clerk-of-works-at-vividarch-4455953944,Clerk of Works,,scraped,2026-08-19T14:54:50.705356,
d147d7532b8d8f00,https://bz.linkedin.com/jobs/view/corporate-travel-and-mobility-agent-remote-work-at-bairesdev-4454756131,Corporate Travel and Mobility Agent - Remote Work,BairesDev,posted,2026-08-19T14:55:00.152628,106
3fa198a224de190f,https://bz.linkedin.com/jobs/view/recruiting-analyst-remote-work-at-bairesdev-4454995327,Recruiting Analyst - Remote Work,BairesDev,posted,2026-08-19T14:55:04.999020,252
e12fb411dc58cdb3,https://bz.linkedin.com/jobs/view/finance-and-payroll-specialist-at-peak-outsourcing-4456077046,Finance and Payroll Specialist,,scraped,2026-08-21T14:54:22.892548,
43cc98a20a665761,https://bz.linkedin.com/jobs/view/loan-underwriter-at-crncy-group-4456357331,Loan Underwriter,,scraped,2026-08-21T14:54:29.612037,
e2593e617ba5674b,https://bz.linkedin.com/jobs/view/talent-quality-auditor-remote-work-at-bairesdev-4455430109,Talent Quality Auditor - Remote Work,BairesDev,posted,2026-08-21T14:54:45.972984,228
326404aa6df7d46a,https://bz.linkedin.com/jobs/view/semi-senior-project-manager-remote-work-at-bairesdev-4455454728,Semi Senior Project Manager - Remote Work,BairesDev,posted,2026-08-21T14:54:50.917310,270
df8f0a175cd17567,https://bz.linkedin.com/jobs/view/marketing-specialist-remote-work-at-bairesdev-4455458321,Marketing Specialist - Remote Work,BairesDev,posted,2026-08-21T14:54:55.947943,310
79021eba0b63f6ba,https://bz.linkedin.com/jobs/view/talent-acquisition-associate-remote-work-at-bairesdev-4455430248,Talent Acquisition Associate - Remote Work,BairesDev,posted,2026-08-21T14:55:00.619447,192
91c46d9eabd15310,https://bz.linkedin.com/jobs/view/senior-it-project-manager-remote-work-at-bairesdev-4456013838,Senior IT Project Manager - Remote Work,BairesDev,posted,2026-08-21T14:55:07.481883,272
ab82eb01809ca39e,https://bz.linkedin.com/jobs/view/crm-manager-remote-work-at-bairesdev-4456026283,CRM Manager - Remote Work,BairesDev,posted,2026-08-21T14:55:14.209334,168
a68c342bcd8f2c4a,https://bz.linkedin.com/jobs/view/court-representative-at-crncy-group-4456357333,Court Representative,,scraped,2026-08-21T14:55:16.830916,
82661f4176c54d49,https://bz.linkedin.com/jobs/view/customer-service-sales-agent-at-crncy-group-4456346434,Customer Service & Sales Agent,,scraped,2026-08-21T14:55:23.286930,
408b43ac88ef478b,https://bz.linkedin.com/jobs/view/executive-assistant-at-crncy-group-4457572439,Executive Assistant,,scraped,2026-08-23T14:41:32.172167,
f16dfdae259dd190,https://bz.linkedin.com/jobs/view/project-manager-remote-work-at-bairesdev-4455445101,Project Manager - Remote Work,BairesDev,posted,2026-08-23T14:42:01.325279,266
3fec78690952643e,https://bz.linkedin.com/jobs/view/project-manager-it-remote-work-at-bairesdev-4456011352,Project Manager (IT) - Remote Work,BairesDev,posted,2026-08-23T14:42:08.852048,258
19e6c5e3c3665192,https://bz.linkedin.com/jobs/view/aircraft-engineer-at-tropic-air-belize-4457020927,Aircraft Engineer,,scraped,2026-08-25T15:06:35.407224,
61510ebe5a386709,https://bz.linkedin.com/jobs/view/serve-team-associate-belize-at-world-gospel-outreach-4455690464,"Serve Team Associate, Belize",,scraped,2026-08-25T15:06:41.737766,
dd0ca015ee4028dd,https://bz.linkedin.com/jobs/view/business-development-representative-latin-america-remote-position-at-bluelight-4458157004,"Business Development Representative, Latin America, Remote position",Bluelight,posted,2026-08-25T15:06:52.153565,316
8d889d1678c47bb4,https://bz.linkedin.com/jobs/view/corporate-travel-and-mobility-agent-remote-work-at-bairesdev-4457470904,Corporate Travel and Mobility Agent - Remote Work,BairesDev,posted,2026-08-25T15:06:57.387273,106
9824ca1feba2962c,https://bz.linkedin.com/jobs/view/customer-retention-agent-at-crncy-group-4456351425,Customer Retention Agent,CRNCY Group,posted,2026-08-25T15:07:14.212381,318
18eebb4b6b3303eb,https://bz.linkedin.com/jobs/view/fullstack-python-%2B-react-engineer-remote-work-at-bairesdev-4457113099,Fullstack Python + React Engineer - Remote Work,BairesDev,posted,2026-08-25T15:07:29.780140,320
37ba49c93a0f68db,https://bz.linkedin.com/jobs/view/ai-full-stack-engineer-next-%2B-python-remote-work-at-bairesdev-4456884851,AI Full-stack Engineer (Next + Python) - Remote Work,BairesDev,posted,2026-08-25T15:07:38.725191,322
412f728425bf976a,https://bz.linkedin.com/jobs/view/full-stack-laravel-%2B-react-developer-remote-latin-america-at-bluelight-4458595239,"Full Stack Laravel + React Developer - Remote, Latin America",Bluelight,posted,2026-08-25T15:07:48.114798,324
21ac08a6f83511b5,https://bz.linkedin.com/jobs/view/full-stack-laravel-%2B-react-developer-remote-latin-america-at-bluelight-4458574321,"Full Stack Laravel + React Developer - Remote, Latin America",Bluelight,posted,2026-08-25T15:07:52.928734,324
a47b045ceb66cf7c,https://bz.linkedin.com/jobs/view/senior-ai-engineer-python-llms-remote-work-at-bairesdev-4457492575,"Senior AI Engineer (Python, LLMs) - Remote Work",BairesDev,posted,2026-08-25T15:08:02.137542,326
ab0757e72b4ba61f,https://bz.linkedin.com/jobs/view/ai-engineer-remote-work-at-bairesdev-4457611725,AI Engineer - Remote Work,BairesDev,posted,2026-08-27T23:48:21.554036,328
1dae9aec9f07b92a,https://bz.linkedin.com/jobs/view/python-ai-engineer-remote-work-at-bairesdev-4457117032,Python AI Engineer - Remote Work,BairesDev,posted,2026-08-27T23:48:29.263924,330
45ddd7c8749df6fa,https://bz.linkedin.com/jobs/view/executive-assistant-at-crncy-group-4458315157,Executive Assistant,,scraped,2026-08-27T23:48:31.882904,
b562f8cf02e6ea3f,https://bz.linkedin.com/jobs/view/intake-specialist-legal-firm-at-solvo-global-careers-4456985019,Intake Specialist Legal Firm,,scraped,2026-08-27T23:48:47.177505,
0d408f352ce53e9b,https://bz.linkedin.com/jobs/view/tvet-governance-and-quality-assurance-specialist-at-irex-4447534542,TVET Governance and Quality Assurance Specialist,IREX,posted,2026-08-27T23:48:58.688649,210
1ca2c0e4b5317377,https://bz.linkedin.com/jobs/view/technical-project-manager-remote-work-at-bairesdev-4458659508,Technical Project Manager - Remote Work,BairesDev,posted,2026-08-27T23:49:03.627148,268
87225550079b5080,https://bz.linkedin.com/jobs/view/project-manager-remote-work-at-bairesdev-4457954366,Project Manager - Remote Work,BairesDev,posted,2026-08-27T23:49:08.551094,266
f65c0b97cd4cf09e,https://bz.linkedin.com/jobs/view/project-manager-remote-work-at-bairesdev-4458644421,Project Manager - Remote Work,BairesDev,scraped,2026-08-27T23:49:12.594082,
8c04038562e2c009,https://bz.linkedin.com/jobs/view/talent-acquisition-associate-remote-work-at-bairesdev-4458625169,Talent Acquisition Associate - Remote Work,BairesDev,posted,2026-08-27T23:49:17.465720,192
0d1acd60ee63dd8c,https://bz.linkedin.com/jobs/view/full-stack-python-ai-engineer-remote-work-at-bairesdev-4457600528,Full-stack Python AI Engineer - Remote Work,BairesDev,posted,2026-08-27T23:49:25.622196,332
8c9514538d028a07,https://bz.linkedin.com/jobs/view/project-manager-senior-remote-work-at-bairesdev-4458661255,Project Manager Senior - Remote Work,BairesDev,posted,2026-08-27T23:49:30.367739,264
52b1dba018baefdd,https://bz.linkedin.com/jobs/view/project-manager-it-remote-work-at-bairesdev-4458643564,Project Manager (IT) - Remote Work,BairesDev,posted,2026-08-27T23:49:35.174673,258
0386aead10aa1892,https://bz.linkedin.com/jobs/view/frontend-engineer-react-next-js-remote-work-at-bairesdev-4457990614,Frontend Engineer (React/Next.js) - Remote Work,BairesDev,posted,2026-08-27T23:49:42.999047,334
587d4dc03a069822,https://bz.linkedin.com/jobs/view/talent-quality-auditor-remote-work-at-bairesdev-4457949947,Talent Quality Auditor - Remote Work,BairesDev,posted,2026-08-27T23:49:49.846603,228
233ada4a97e807e6,https://bz.linkedin.com/jobs/view/recruiting-analyst-remote-work-at-bairesdev-4457986334,Recruiting Analyst - Remote Work,BairesDev,posted,2026-08-27T23:49:54.608125,252
baa153ece779bce4,https://bz.linkedin.com/jobs/view/crm-manager-remote-work-at-bairesdev-4458604967,CRM Manager - Remote Work,BairesDev,posted,2026-08-27T23:50:03.586568,168
29e58d07238708c9,https://bz.linkedin.com/jobs/view/technical-website-support-specialist-at-leadventure%C2%AE-4458667597,Technical Website Support Specialist,LeadVenture®,posted,2026-08-27T23:50:16.198359,138
611aeb4515ff85f0,https://bz.linkedin.com/jobs/view/matching-operations-coordinator-at-toptal-4458914828,Matching Operations Coordinator,Toptal,posted,2026-08-29T17:44:41.622869,336
f7b44d26fc636002,https://bz.linkedin.com/jobs/view/maintenance-assistant-at-salient-group-llp-4460360539,Maintenance Assistant,Salient Group LLP,posted,2026-08-29T17:44:54.436377,338
486a32d6338f1973,https://bz.linkedin.com/jobs/view/executive-assistant-at-crncy-group-4460565956,Executive Assistant,CRNCY Group,posted,2026-08-29T17:45:13.268475,340
bbd3db5af2c50931,https://bz.linkedin.com/jobs/view/hospitality-experience-coordinator-at-alegria-travel-services-4459480125,Hospitality Experience Coordinator,Alegria Travel Services,posted,2026-08-29T17:45:23.218332,342
d6e557f55deac787,https://bz.linkedin.com/jobs/view/customer-success-manager-at-leadventure%C2%AE-4458901595,Customer Success Manager,LeadVenture®,posted,2026-08-29T17:45:32.434407,344
4db5c9ad685d8060,https://bz.linkedin.com/jobs/view/contract-remote-psychotherapist-psychologist-at-spring-health-4459375135,(Contract) Remote Psychotherapist / Psychologist,Spring Health,posted,2026-08-29T17:45:41.964898,346
470203dd6cfca611,https://bz.linkedin.com/jobs/view/landscape-staff-at-norwegian-cruise-line-holdings-ltd-4459017412,Landscape Staff,Norwegian Cruise Line Holdings Ltd.,posted,2026-08-29T17:45:51.934553,348
8a800986bf7311c7,https://bz.linkedin.com/jobs/view/technical-website-support-specialist-at-leadventure%C2%AE-4458660741,Technical Website Support Specialist,LeadVenture®,posted,2026-08-29T17:46:18.897992,138
bc2222b66659cf32,https://bz.linkedin.com/jobs/view/appointment-setter-real-estate-at-home-options-group-inc-4461224454,Appointment Setter Real Estate,"Home Options Group, Inc",posted,2026-08-31T20:07:12.554943,350
126e883dbef6e21b,https://bz.linkedin.com/jobs/view/administrative-specialist-at-hax-labs-hax-labs-com-4459865393,Administrative Specialist,Hax Labs (hax-labs.com),posted,2026-08-31T20:07:20.983668,352
d972ea934e57bae4,https://bz.linkedin.com/jobs/view/education-management-information-system-emis-technical-lead-at-fhi-360-4431671100,Education Management Information System (EMIS) Technical Lead,FHI 360,posted,2026-08-31T20:07:31.420951,354
96be1422b0e6d9ca,https://bz.linkedin.com/jobs/view/full-stack-laravel-%2B-react-developer-remote-latin-america-at-bluelight-4461024403,"Full Stack Laravel + React Developer - Remote, Latin America",Bluelight,posted,2026-08-31T20:07:48.518980,324
34b4fcc20015414e,https://bz.linkedin.com/jobs/view/full-stack-laravel-%2B-react-developer-remote-latin-america-at-bluelight-4461021411,"Full Stack Laravel + React Developer - Remote, Latin America",Bluelight,posted,2026-08-31T20:07:53.410124,324
89accdf5bde9d16e,https://bz.linkedin.com/jobs/view/workday-analyst-remote-work-at-bairesdev-4460299698,Workday Analyst - Remote Work,BairesDev,posted,2026-09-01T17:50:14.550593,356
89b4370fdf48c83a,https://bz.linkedin.com/jobs/view/intake-specialist-legal-at-solvo-global-careers-4459254180,Intake Specialist Legal,,scraped,2026-09-01T17:50:23.149225,
478b9d92e7bee5c6,https://bz.linkedin.com/jobs/view/senior-ai-engineer-python-llms-remote-work-at-bairesdev-4460286681,"Senior AI Engineer (Python, LLMs) - Remote Work",BairesDev,posted,2026-09-01T17:50:38.898021,326
7f11d3022945953d,https://bz.linkedin.com/jobs/view/fullstack-python-%2B-react-engineer-remote-work-at-bairesdev-4460601720,Fullstack Python + React Engineer - Remote Work,BairesDev,posted,2026-09-01T17:50:43.854644,320
c53500d3ca9ad76e,https://bz.linkedin.com/jobs/view/deckhand-at-norwegian-cruise-line-holdings-ltd-4462734069,Deckhand,Norwegian Cruise Line Holdings Ltd.,posted,2026-09-03T17:52:59.847588,120
8b720edadb763c0e,https://bz.linkedin.com/jobs/view/workday-analyst-%E2%80%93-payroll-time-tracking-remote-work-at-bairesdev-4460616889,Workday Analyst – Payroll & Time Tracking - Remote Work,BairesDev,posted,2026-09-03T17:53:13.233611,358
f1c376e3d676b756,https://bz.linkedin.com/jobs/view/integration-specialist-at-leadventure%C2%AE-4461312947,Integration Specialist,LeadVenture®,posted,2026-09-03T17:53:18.162290,176
6c5d5fc5f16f078c,https://bz.linkedin.com/jobs/view/waking-nights-support-worker-supported-living-at-mary-rush-care-4462429784,Waking Nights Support Worker - Supported Living,,scraped,2026-09-03T17:53:22.690290,
721228869ac2ee58,https://bz.linkedin.com/jobs/view/cash-desk-manager-at-royal-caribbean-group-4460900113,Cash Desk Manager,Royal Caribbean Group,posted,2026-09-03T17:53:55.389288,360
4a5ea8332da1de85,https://bz.linkedin.com/jobs/view/technical-manager-remote-work-at-bairesdev-4461658856,Technical Manager - Remote Work,BairesDev,posted,2026-09-03T17:54:08.102698,362
2238044f803ec9e6,https://bz.linkedin.com/jobs/view/corporate-travel-and-mobility-agent-remote-work-at-bairesdev-4460994962,Corporate Travel and Mobility Agent - Remote Work,BairesDev,posted,2026-09-03T17:54:13.027769,106
6e67b9dd7094a27e,https://bz.linkedin.com/jobs/view/listing-coordinator-at-cs-outsource-4461349134,Listing Coordinator,CS Outsource,posted,2026-09-03T17:54:21.495829,364
d4457f43a8ee2c54,https://bz.linkedin.com/jobs/view/marketing-specialist-remote-work-at-bairesdev-4461317937,Marketing Specialist - Remote Work,BairesDev,posted,2026-09-03T17:54:26.384434,310
b942ba580bafb1ba,https://bz.linkedin.com/jobs/view/project-manager-remote-work-at-bairesdev-4461652841,Project Manager - Remote Work,BairesDev,posted,2026-09-03T17:54:31.456481,266
b12101e8d2db76a1,https://bz.linkedin.com/jobs/view/account-manager-at-cs-outsource-4439481058,Account Manager,CS Outsource,posted,2026-09-03T17:54:39.779583,366
a5ee9e6325f8dc5f,https://bz.linkedin.com/jobs/view/technical-project-manager-remote-work-at-bairesdev-4460613223,Technical Project Manager - Remote Work,BairesDev,posted,2026-09-03T17:54:48.665618,268
0ba1225e2f5c7dba,https://bz.linkedin.com/jobs/view/semi-senior-project-manager-remote-work-at-bairesdev-4461654535,Semi Senior Project Manager - Remote Work,BairesDev,posted,2026-09-03T17:54:53.653556,270
fb1d7ee769e5d800,https://bz.linkedin.com/jobs/view/senior-llm-engineer-remote-work-at-bairesdev-4460627808,Senior LLM Engineer - Remote Work,BairesDev,posted,2026-09-03T17:55:02.757499,368
dcf3de4a1a488619,https://bz.linkedin.com/jobs/view/boomi-integration-engineer-remote-work-at-bairesdev-4461307745,Boomi Integration Engineer - Remote Work,BairesDev,posted,2026-09-05T16:50:21.392944,370
d70107716afdd7f7,https://bz.linkedin.com/jobs/view/proposal-manager-presales-remote-work-at-bairesdev-4461696210,"Proposal Manager, Presales - Remote Work",BairesDev,posted,2026-09-05T16:50:30.291294,372
cdd9d21126dfb37f,https://bz.linkedin.com/jobs/view/marketing-manager-at-the-belize-collection-4462882370,Marketing Manager,,scraped,2026-09-05T16:50:38.846895,
8c346183a411dad9,https://bz.linkedin.com/jobs/view/human-resource-hr-business-partner-at-central-bank-of-belize-4463135120,Human Resource (HR) Business Partner,,scraped,2026-09-05T16:50:50.943143,
3774508b71e42b59,https://bz.linkedin.com/jobs/view/sales-development-representative-tech-saas-cybersecurity-at-hire-hangar-4462316363,"Sales Development Representative (Tech, SaaS, Cybersecurity)",Hire Hangar,posted,2026-09-05T16:51:03.384116,374
3f34c4065b6a4b65,https://bz.linkedin.com/jobs/view/recruiting-analyst-remote-work-at-bairesdev-4461958689,Recruiting Analyst - Remote Work,BairesDev,posted,2026-09-05T16:51:08.120225,252
432ced1f8fcb91f9,https://bz.linkedin.com/jobs/view/crm-manager-remote-work-at-bairesdev-4461643910,CRM Manager - Remote Work,BairesDev,posted,2026-09-05T16:51:14.784077,168
47408259053c2c5c,https://bz.linkedin.com/jobs/view/ai-full-stack-engineer-next-%2B-python-remote-work-at-bairesdev-4461311690,AI Full-stack Engineer (Next + Python) - Remote Work,BairesDev,posted,2026-09-05T16:51:33.516477,322
2e98968ad4e1186b,https://bz.linkedin.com/jobs/view/virtual-assistant-at-cs-outsource-4462318848,Virtual Assistant,CS Outsource,posted,2026-09-05T16:51:38.465414,24
0b5ce5d09d844195,https://bz.linkedin.com/jobs/view/python-ai-engineer-remote-work-at-bairesdev-4462934990,Python AI Engineer - Remote Work,BairesDev,posted,2026-09-07T18:44:47.019670,330
04e8ee8aa16997c8,https://bz.linkedin.com/jobs/view/ai-full-stack-engineer-next-%2B-python-remote-work-at-bairesdev-4462965444,AI Full-stack Engineer (Next + Python) - Remote Work,BairesDev,posted,2026-09-07T18:45:07.885882,322
44879b394e6921de,https://bz.linkedin.com/jobs/view/fullstack-python-%2B-react-engineer-remote-work-at-bairesdev-4462968247,Fullstack Python + React Engineer - Remote Work,BairesDev,posted,2026-09-07T18:45:17.165436,320
72ec6803bea2b7de,https://bz.linkedin.com/jobs/view/leasing-coordinator-at-cs-outsource-4463580027,Leasing Coordinator,CS Outsource,failed|wp_post_failed,2026-09-09T17:51:07.732991,
072c5860f402f50c,https://bz.linkedin.com/jobs/view/operations-programme-management-specialist-%E2%80%93-call-for-registration-at-un-volunteers-caribbean-4463571369,Operations & Programme Management Specialist – Call for Registration,,scraped,2026-09-09T17:51:10.317520,
10ceda50333050d9,https://bz.linkedin.com/jobs/view/seo-specialist-at-leadventure%C2%AE-4463575960,SEO Specialist,LeadVenture®,failed|wp_post_failed,2026-09-09T17:51:25.406667,
fee0fdef003a45ff,https://bz.linkedin.com/jobs/view/grand-group-of-companies-capital-corporate-services-limited-grand-belizean-estates-vacancies-at-belize-chamber-of-commerce-industry-4461114416,"Grand Group of Companies, Capital Corporate Services Limited & Grand Belizean Estates Vacancies",,scraped,2026-09-09T17:51:28.092200,
f33219c5ee565bdf,https://bz.linkedin.com/jobs/view/corporate-travel-and-mobility-agent-remote-work-at-bairesdev-4463897164,Corporate Travel and Mobility Agent - Remote Work,BairesDev,failed|wp_post_failed,2026-09-09T17:51:41.875276,
18136d825ee704d5,https://bz.linkedin.com/jobs/view/marketing-specialist-remote-work-at-bairesdev-4463896739,Marketing Specialist - Remote Work,BairesDev,failed|wp_post_failed,2026-09-09T17:51:52.068508,
d73d9d7a2ac519ad,https://bz.linkedin.com/jobs/view/guest-relations-specialist-at-cs-outsource-4461365222,Guest Relations Specialist,CS Outsource,failed|wp_post_failed,2026-09-09T17:52:02.145278,
6e0f2ba350ede13a,https://bz.linkedin.com/jobs/view/full-stack-python-ai-engineer-remote-work-at-bairesdev-4462962245,Full-stack Python AI Engineer - Remote Work,BairesDev,failed|wp_post_failed,2026-09-09T17:52:16.201801,
501e45d7e25b757f,https://bz.linkedin.com/jobs/view/boomi-integration-engineer-remote-work-at-bairesdev-4463861230,Boomi Integration Engineer - Remote Work,BairesDev,failed|wp_post_failed,2026-09-11T17:45:35.764677,
c02c99c714c81bbc,https://bz.linkedin.com/jobs/view/proposal-manager-presales-remote-work-at-bairesdev-4464572281,"Proposal Manager, Presales - Remote Work",BairesDev,failed|wp_post_failed,2026-09-11T17:45:43.412666,
0c561beabbc65ab6,https://bz.linkedin.com/jobs/view/account-executive-at-toptal-4465696787,Account Executive,Toptal,failed|wp_post_failed,2026-09-11T17:45:53.084021,
ac330a686c4998bc,https://bz.linkedin.com/jobs/view/webmaster-at-cs-outsource-4464825328,Webmaster,CS Outsource,failed|wp_post_failed,2026-09-11T17:46:00.841726,
3355ed933d3e754d,https://bz.linkedin.com/jobs/view/senior-marketing-business-analyst-at-toptal-4437448958,Senior Marketing Business Analyst,Toptal,failed|wp_post_failed,2026-09-11T17:46:16.691163,
4bc6ee97843036e5,https://bz.linkedin.com/jobs/view/technical-project-manager-remote-work-at-bairesdev-4464120113,Technical Project Manager - Remote Work,BairesDev,failed|wp_post_failed,2026-09-11T17:46:24.327649,
b3812ccc8bee0280,https://bz.linkedin.com/jobs/view/project-manager-remote-work-at-bairesdev-4464585196,Project Manager - Remote Work,BairesDev,failed|wp_post_failed,2026-09-11T17:46:32.109104,
0e32d26308a2c478,https://bz.linkedin.com/jobs/view/talent-acquisition-associate-remote-work-at-bairesdev-4464559756,Talent Acquisition Associate - Remote Work,BairesDev,failed|wp_post_failed,2026-09-11T17:46:39.864184,
003f998b5e84c10e,https://bz.linkedin.com/jobs/view/senior-project-manager-remote-work-at-bairesdev-4464599365,Senior Project Manager - Remote Work,BairesDev,failed|wp_post_failed,2026-09-11T17:46:49.599501,
9e0bb414b183dc35,https://bz.linkedin.com/jobs/view/project-manager-senior-remote-work-at-bairesdev-4464126934,Project Manager Senior - Remote Work,BairesDev,failed|wp_post_failed,2026-09-11T17:46:57.347588,
54fe591595307156,https://bz.linkedin.com/jobs/view/project-manager-it-remote-work-at-bairesdev-4464546204,Project Manager (IT) - Remote Work,BairesDev,failed|wp_post_failed,2026-09-11T17:47:05.005172,
07163d51b72beb04,https://bz.linkedin.com/jobs/view/semi-senior-project-manager-remote-work-at-bairesdev-4464114621,Semi Senior Project Manager - Remote Work,BairesDev,failed|wp_post_failed,2026-09-11T17:47:14.883334,
9d2c6a43f1e350e8,https://bz.linkedin.com/jobs/view/remote-customer-representative-at-the-hiring-platform-4465467537,Remote Customer Representative,The Hiring Platform,posted,2026-09-13T17:25:30.574918,376
37a30b3f7ec8e335,https://bz.linkedin.com/jobs/view/administrative-assistant-property-mgmt-at-simpalm-staffing-4466717130,Administrative Assistant (Property Mgmt ),Simpalm Staffing,posted,2026-09-13T17:25:39.050836,378
011dec1a000a59b0,https://bz.linkedin.com/jobs/view/booking-reservations-specialist-at-the-hiring-platform-4465478553,Booking & Reservations Specialist,The Hiring Platform,posted,2026-09-13T17:25:55.349576,380
f57f296c4d8dce70,https://bz.linkedin.com/jobs/view/cad-data-generation-validation-specialist-remote-at-yo-it-consulting-4462556757,CAD Data Generation & Validation Specialist - Remote,,scraped,2026-09-13T17:25:57.947728,
da765d755f985425,https://bz.linkedin.com/jobs/view/strategic-content-editor-contract-to-hire-at-regex-seo-4466319350,Strategic Content Editor (Contract-to-Hire),Regex SEO,posted,2026-09-13T17:26:09.100076,382
6aa009134f950e28,https://bz.linkedin.com/jobs/view/boomi-integration-engineer-remote-work-at-bairesdev-4466521687,Boomi Integration Engineer - Remote Work,BairesDev,posted,2026-09-15T18:13:09.160963,370
931f70187b18d017,https://bz.linkedin.com/jobs/view/boomi-integration-developer-remote-work-at-bairesdev-4466531014,Boomi Integration Developer - Remote Work,BairesDev,posted,2026-09-15T18:13:18.532351,384
695247a149eea739,https://bz.linkedin.com/jobs/view/remote-customer-representative-at-the-new-hiring-platform-4466145990,Remote Customer Representative,The New Hiring Platform,posted,2026-09-15T18:13:25.758488,376
03c4bb6e85648a2d,https://bz.linkedin.com/jobs/view/booking-reservations-specialist-at-the-new-hiring-platform-4466144949,Booking & Reservations Specialist,The New Hiring Platform,posted,2026-09-15T18:13:41.098282,380
fc7ca9397ff9e84e,https://bz.linkedin.com/jobs/view/technical-project-manager-remote-work-at-bairesdev-4466543145,Technical Project Manager - Remote Work,BairesDev,posted,2026-09-15T18:13:46.240796,268
889d11551cb8af29,https://bz.linkedin.com/jobs/view/corporate-travel-and-mobility-agent-remote-work-at-bairesdev-4466542409,Corporate Travel and Mobility Agent - Remote Work,BairesDev,posted,2026-09-15T18:13:51.172601,106
ef3410cc796354ef,https://bz.linkedin.com/jobs/view/software-architect-aws-nodejs-remote-latin-america-at-bluelight-4466785661,"Software Architect (AWS, NodeJS) - Remote, Latin America",Bluelight,posted,2026-09-15T18:14:05.437822,386
8a3c1fd3dd955e15,https://bz.linkedin.com/jobs/view/software-architect-aws-nodejs-remote-latin-america-at-bluelight-4467000600,"Software Architect (AWS, NodeJS) - Remote, Latin America",Bluelight,posted,2026-09-15T18:14:10.315046,386
4d034cd872343763,https://bz.linkedin.com/jobs/view/devops-sre-devsecops-engineer-aws-remote-latin-america-at-bluelight-4466788586,"DevOps / SRE / DevSecOps Engineer (AWS) - Remote, Latin America",Bluelight,posted,2026-09-15T18:14:20.305339,388
1e9824b63b3ba78d,https://bz.linkedin.com/jobs/view/devops-sre-devsecops-engineer-aws-remote-latin-america-at-bluelight-4467002543,"DevOps / SRE / DevSecOps Engineer (AWS) - Remote, Latin America",Bluelight,posted,2026-09-15T18:14:25.221432,388
9fcae27b3139c720,https://bz.linkedin.com/jobs/view/full-stack-and-backend-nodejs-typescript-javascript-engineer-senior-remote-latin-america-at-bluelight-4466791651,"Full Stack and Backend NodeJS TypeScript/JavaScript Engineer (Senior) - Remote, Latin America",Bluelight,posted,2026-09-15T18:14:37.067152,390
1723e86a69d54afe,https://bz.linkedin.com/jobs/view/proposal-manager-presales-remote-work-at-bairesdev-4467102384,"Proposal Manager, Presales - Remote Work",BairesDev,posted,2026-09-17T18:15:44.619665,372
bd4693377413931b,https://bz.linkedin.com/jobs/view/maintenance-coordinator-at-cs-outsource-4466867909,Maintenance Coordinator,CS Outsource,posted,2026-09-17T18:15:53.418362,392
274da683cc8940e2,https://bz.linkedin.com/jobs/view/client-advisor-at-toptal-4468291153,Client Advisor,Toptal,posted,2026-09-17T18:16:09.872591,394
59e232bed56be30f,https://bz.linkedin.com/jobs/view/project-manager-software-development-remote-latin-america-at-bluelight-4466789664,"Project Manager (Software Development) - Remote, Latin America",Bluelight,posted,2026-09-17T18:16:20.877065,396
98c255bcb200fe78,https://bz.linkedin.com/jobs/view/python-ai-engineer-remote-work-at-bairesdev-4467549510,Python AI Engineer - Remote Work,BairesDev,posted,2026-09-17T18:16:29.689205,330
ff76701020fd39ff,https://bz.linkedin.com/jobs/view/project-manager-remote-work-at-bairesdev-4466569473,Project Manager - Remote Work,BairesDev,posted,2026-09-17T18:16:36.484109,266
cff4aab879c736ed,https://bz.linkedin.com/jobs/view/project-manager-remote-work-at-bairesdev-4467570193,Project Manager - Remote Work,BairesDev,scraped,2026-09-17T18:16:40.558452,
948ec23b722259b3,https://bz.linkedin.com/jobs/view/talent-acquisition-associate-remote-work-at-bairesdev-4467548759,Talent Acquisition Associate - Remote Work,BairesDev,posted,2026-09-17T18:16:45.418103,192
fac4857da7cd249c,https://bz.linkedin.com/jobs/view/full-stack-python-ai-engineer-remote-work-at-bairesdev-4467571093,Full-stack Python AI Engineer - Remote Work,BairesDev,posted,2026-09-17T18:16:50.146320,332
075aef7c1e9225e8,https://bz.linkedin.com/jobs/view/senior-project-manager-remote-work-at-bairesdev-4467577243,Senior Project Manager - Remote Work,BairesDev,posted,2026-09-17T18:16:58.890477,398
43ddc1fb77b51caf,https://bz.linkedin.com/jobs/view/project-manager-senior-remote-work-at-bairesdev-4466568596,Project Manager Senior - Remote Work,BairesDev,posted,2026-09-17T18:17:09.454670,264
2de930bf5c25030f,https://bz.linkedin.com/jobs/view/recruiting-analyst-remote-work-at-bairesdev-4467101700,Recruiting Analyst - Remote Work,BairesDev,posted,2026-09-17T18:17:20.374462,252
0f8331ad8ee78fb6,https://bz.linkedin.com/jobs/view/crm-manager-remote-work-at-bairesdev-4466581214,CRM Manager - Remote Work,BairesDev,posted,2026-09-17T18:17:31.346720,168
90c3fd3db7ae6a72,https://bz.linkedin.com/jobs/view/management-consulting-matcher-at-toptal-4469166524,Management Consulting Matcher,Toptal,posted,2026-09-19T17:18:16.396069,400
2a78310739995d53,https://bz.linkedin.com/jobs/view/financial-analyst-bz-at-core-code-io-4468048349,Financial Analyst BZ,Core Code io,posted,2026-09-19T17:18:28.833217,402
132defdcb84103b2,https://bz.linkedin.com/jobs/view/software-architect-aws-nodejs-latin-america-remote-at-bluelight-4468804972,"Software Architect (AWS, NodeJS) - Latin America, Remote",Bluelight,posted,2026-09-19T17:18:41.205470,404
72a122bc977c9935,https://bz.linkedin.com/jobs/view/travel-planner-at-elite-escapes-4468088865,Travel Planner,Elite Escapes,posted,2026-09-19T17:18:52.390214,406
0d98b0ae735cc981,https://bz.linkedin.com/jobs/view/face-deduplication-collection-freelance-at-telus-digital-ai-data-solutions-4467736587,Face Deduplication Collection (Freelance),TELUS Digital AI Data Solutions,posted,2026-09-19T17:18:59.733463,408
f015b57bc7c538f3,https://bz.linkedin.com/jobs/view/adventure-travel-planner-at-elite-escapes-4468401192,Adventure Travel Planner,Elite Escapes,posted,2026-09-19T17:19:09.395485,410
8c78fd7e5394feff,https://bz.linkedin.com/jobs/view/spanish-interpreter-belize-at-propio-language-services-4469166827,Spanish Interpreter - Belize,Propio Language Services,posted,2026-09-19T17:19:17.850657,412
656c015342172b55,https://bz.linkedin.com/jobs/view/spanish-interpreter-belize-at-propio-language-services-4469174625,Spanish Interpreter - Belize,Propio Language Services,posted,2026-09-19T17:19:22.496341,412
18d1a40cf0081dba,https://bz.linkedin.com/jobs/view/chef-de-cuisine-ou-second-confirm%C3%A9-tr%C3%A8s-autonome-saison-de-5-mois-%C3%A0-caye-caulker-belize-%E2%80%94-log%C3%A9-et-nourri-4465582186,"CHEF DE CUISINE OU SECOND CONFIRMÉ TRÈS AUTONOME SAISON DE 5 MOIS À CAYE CAULKER, BELIZE — LOGÉ ET NOURRI",Suggestion Gourmet - Jungle Cocoon,posted,2026-09-19T17:19:29.303753,414
3a1af1a53a1f9575,https://bz.linkedin.com/jobs/view/store-clerk-lead-at-the-church-of-jesus-christ-of-latter-day-saints-4468020452,Store Clerk Lead,The Church of Jesus Christ of Latter-day Saints,posted,2026-09-19T17:19:37.760871,416
6fdae1f76f8e76a3,https://bz.linkedin.com/jobs/view/senior-it-project-manager-remote-work-at-bairesdev-4466878880,Senior IT Project Manager - Remote Work,BairesDev,posted,2026-09-19T17:19:54.303905,272
19c2cfd5e0a17ea1,https://bz.linkedin.com/jobs/view/purchasing-agent-at-norwegian-cruise-line-holdings-ltd-4465937009,Purchasing Agent,Norwegian Cruise Line Holdings Ltd.,posted,2026-09-19T17:19:58.905655,102
ae46dfdee74ca512,https://bz.linkedin.com/jobs/view/senior-workday-analyst-payroll-remote-work-at-bairesdev-4466571181,Senior Workday Analyst (Payroll) - Remote Work,BairesDev,posted,2026-09-19T17:20:08.665695,418
0892856f50f84899,https://bz.linkedin.com/jobs/view/project-manager-software-development-remote-latin-america-at-bluelight-4466784648,"Project Manager (Software Development) - Remote, Latin America",Bluelight,posted,2026-09-19T17:20:13.414812,396
564aab1a57e709a1,https://bz.linkedin.com/jobs/view/devops-sre-devsecops-engineer-aws-latin-america-remote-at-bluelight-4468815844,"DevOps / SRE / DevSecOps Engineer (AWS) -  Latin America, Remote",Bluelight,posted,2026-09-19T17:20:22.523030,420
79831d3b8f1693b8,https://bz.linkedin.com/jobs/view/project-administrative-assistant-%E2%80%93-central-executing-unit-ministry-of-finance-at-work-in-belize-4466624403,Project Administrative Assistant – Central Executing Unit (Ministry of Finance),Work in Belize,posted,2026-09-19T17:20:37.228637,422
090fc1247a7fb10f,https://bz.linkedin.com/jobs/view/full-stack-and-backend-nodejs-typescript-javascript-engineer-senior-remote-latin-america-at-bluelight-4466787616,"Full Stack and Backend NodeJS TypeScript/JavaScript Engineer (Senior) - Remote, Latin America",Bluelight,posted,2026-09-19T17:20:46.567195,424
3a48d85a281e7af8,https://bz.linkedin.com/jobs/view/rental-manager-at-cs-outsource-4466893910,Rental Manager,CS Outsource,posted,2026-09-19T17:20:53.882730,426
0aec1415c84080e7,https://bz.linkedin.com/jobs/view/data-systems-manager-%E2%80%93-central-executing-unit-ministry-of-finance-at-work-in-belize-4466641010,Data Systems Manager – Central Executing Unit (Ministry of Finance),Work in Belize,posted,2026-09-19T17:21:02.500434,428
f544179a86953c82,https://bz.linkedin.com/jobs/view/procurement-specialist-%E2%80%93-belize-integral-security-programme-ministry-of-economic-transformation-at-work-in-belize-4466626337,Procurement Specialist – Belize Integral Security Programme (Ministry of Economic Transformation),Work in Belize,posted,2026-09-19T17:21:14.907273,430
0374a4b0d2871393,https://bz.linkedin.com/jobs/view/data-optimization-technician-at-work-in-belize-4466676888,Data Optimization Technician,Work in Belize,posted,2026-09-19T17:21:23.779904,432
d89e739300c062d8,https://bz.linkedin.com/jobs/view/software-architect-aws-nodejs-latin-america-remote-at-bluelight-4469827340,"Software Architect (AWS, NodeJS) - Latin America, Remote",Bluelight,posted,2026-09-21T19:29:19.049046,404
f498cc55c695c1ff,https://bz.linkedin.com/jobs/view/project-manager-software-development-latin-america-remote-at-bluelight-4469829283,"Project Manager (Software Development) -  Latin America, Remote",Bluelight,posted,2026-09-21T19:29:28.654801,434
71295e64a7338045,https://bz.linkedin.com/jobs/view/clean-seed-coordinator-plant-tissue-culture-at-work-in-belize-4467334671,Clean Seed Coordinator - Plant Tissue Culture,Work in Belize,posted,2026-09-21T19:29:38.444969,436
406218db8ff38727,https://bz.linkedin.com/jobs/view/administrative-position-at-work-in-belize-4466670991,Administrative Position,Work in Belize,posted,2026-09-21T19:29:47.306121,438
7abfbc2e71c8207b,https://bz.linkedin.com/jobs/view/physical-therapist-volunteer-at-hillside-health-care-4413070405,Physical Therapist Volunteer,,scraped,2026-09-21T19:29:51.280558,
ff903c4de416b34f,https://bz.linkedin.com/jobs/view/operations-officer-at-un-volunteers-caribbean-4467632982,Operations Officer,,scraped,2026-09-21T19:30:08.248103,
4955a1e94c9223d4,https://bz.linkedin.com/jobs/view/project-manager-software-development-latin-america-remote-at-bluelight-4469814842,"Project Manager (Software Development) -  Latin America, Remote",Bluelight,posted,2026-09-21T19:30:24.137518,434
9306216bb0b06f1d,https://bz.linkedin.com/jobs/view/assistant-production-superintendent-at-work-in-belize-4467341527,Assistant Production Superintendent,Work in Belize,posted,2026-09-21T19:30:40.149753,440
486726e547ce0670,https://bz.linkedin.com/jobs/view/email-developer-at-work-in-belize-4467321911,Email Developer,Work in Belize,posted,2026-09-21T19:30:49.548501,442
